hospital,ccn,cbsa,participation,start_date,end_date
ST ROSE HOSPITAL,050002,San Francisco–Oakland–Fremont,Mandatory,01/01/2026,12/31/2030
PROVIDENCE ST JOSEPH HOSPITAL,050006,Eureka–Arcata,Mandatory,01/01/2026,12/31/2030
MILLS-PENINSULA MEDICAL CENTER,050007,San Francisco–Oakland–Fremont,Mandatory,01/01/2026,12/31/2030
CALIFORNIA PACIFIC MEDICAL CTR-DAVIES CAMPUS HOSP,050008,San Francisco–Oakland–Fremont,Mandatory,01/01/2026,12/31/2030
RIVERSIDE COMMUNITY HOSPITAL,050022,Riverside–San Bernardino–Ontario,Mandatory,01/01/2026,12/31/2030
PARADISE VALLEY HOSPITAL,050024,San Diego–Chula Vista–Carlsbad,Mandatory,01/01/2026,12/31/2030
UC SAN DIEGO HEALTH HILLCREST - HILLCREST MED CTR,050025,San Diego–Chula Vista–Carlsbad,Mandatory,01/01/2026,12/31/2030
GROSSMONT HOSPITAL,050026,San Diego–Chula Vista–Carlsbad,Mandatory,01/01/2026,12/31/2030
MAD RIVER COMMUNITY HOSPITAL,050028,Eureka–Arcata,Mandatory,01/01/2026,12/31/2030
BAKERSFIELD MEMORIAL HOSPITAL,050036,Bakersfield–Delano,Mandatory,01/01/2026,12/31/2030
SANTA CLARA VALLEY MEDICAL CENTER,050038,San Jose–Sunnyvale–Santa Clara,Mandatory,01/01/2026,12/31/2030
ALTA BATES SUMMIT MEDICAL CENTER,050043,San Francisco–Oakland–Fremont,Mandatory,01/01/2026,12/31/2030
CALIFORNIA PACIFIC MEDICAL CENTER- VAN NESS CAMPUS,050047,San Francisco–Oakland–Fremont,Mandatory,01/01/2026,12/31/2030
SAN GORGONIO MEMORIAL HOSPITAL,050054,Riverside–San Bernardino–Ontario,Mandatory,01/01/2026,12/31/2030
CALIFORNIA PACIFIC MEDICAL CENTER - MISSION BERNAL,050055,San Francisco–Oakland–Fremont,Mandatory,01/01/2026,12/31/2030
KAISER FOUNDATION HOSPITAL - SOUTH SAN FRANCISCO,050070,San Francisco–Oakland–Fremont,Mandatory,01/01/2026,12/31/2030
KAISER FOUNDATION HOSPITAL-SANTA CLARA,050071,San Jose–Sunnyvale–Santa Clara,Mandatory,01/01/2026,12/31/2030
KAISER FOUNDATION HOSPITAL - WALNUT CREEK,050072,San Francisco–Oakland–Fremont,Mandatory,01/01/2026,12/31/2030
KAISER FOUNDATION HOSPITAL - OAKLAND/RICHMOND,050075,San Francisco–Oakland–Fremont,Mandatory,01/01/2026,12/31/2030
KAISER FOUNDATION HOSPITAL - SAN FRANCISCO,050076,San Francisco–Oakland–Fremont,Mandatory,01/01/2026,12/31/2030
SCRIPPS MERCY HOSPITAL,050077,San Diego–Chula Vista–Carlsbad,Mandatory,01/01/2026,12/31/2030
COMMUNITY HOSPITAL OF SAN BERNARDINO,050089,Riverside–San Bernardino–Ontario,Mandatory,01/01/2026,12/31/2030
SONOMA VALLEY HOSPITAL,050090,Santa Rosa–Petaluma,Mandatory,01/01/2026,12/31/2030
SAN ANTONIO REGIONAL HOSPITAL,050099,Riverside–San Bernardino–Ontario,Mandatory,01/01/2026,12/31/2030
SHARP MEMORIAL HOSPITAL,050100,San Diego–Chula Vista–Carlsbad,Mandatory,01/01/2026,12/31/2030
"DOCTORS HOSPITAL OF RIVERSIDE, LLC",050102,Riverside–San Bernardino–Ontario,Mandatory,01/01/2026,12/31/2030
SAN MATEO MEDICAL CENTER,050113,San Francisco–Oakland–Fremont,Mandatory,01/01/2026,12/31/2030
PALOMAR HEALTH DOWNTOWN CAMPUS,050115,San Diego–Chula Vista–Carlsbad,Mandatory,01/01/2026,12/31/2030
ADVENTIST HEALTH HANFORD,050121,Hanford–Corcoran,Mandatory,01/01/2026,12/31/2030
TRI-CITY MEDICAL CENTER,050128,San Diego–Chula Vista–Carlsbad,Mandatory,01/01/2026,12/31/2030
ST BERNARDINE MEDICAL CENTER,050129,Riverside–San Bernardino–Ontario,Mandatory,01/01/2026,12/31/2030
NOVATO COMMUNITY HOSPITAL,050131,San Francisco–Oakland–Fremont,Mandatory,01/01/2026,12/31/2030
PETALUMA VALLEY HOSPITAL,050136,Santa Rosa–Petaluma,Mandatory,01/01/2026,12/31/2030
KAISER FOUNDATION HOSPITAL FONTANA,050140,Riverside–San Bernardino–Ontario,Mandatory,01/01/2026,12/31/2030
UCSF HEALTH SAINT FRANCIS HOSPITAL,050152,San Francisco–Oakland–Fremont,Mandatory,01/01/2026,12/31/2030
PROVIDENCE SANTA ROSA MEMORIAL HOSPITAL,050174,Santa Rosa–Petaluma,Mandatory,01/01/2026,12/31/2030
JOHN MUIR MEDICAL CENTER - WALNUT CREEK CAMPUS,050180,San Francisco–Oakland–Fremont,Mandatory,01/01/2026,12/31/2030
WASHINGTON HOSPITAL,050195,San Francisco–Oakland–Fremont,Mandatory,01/01/2026,12/31/2030
SEQUOIA HOSPITAL,050197,San Francisco–Oakland–Fremont,Mandatory,01/01/2026,12/31/2030
ALAMEDA HOSPITAL,050211,San Francisco–Oakland–Fremont,Mandatory,01/01/2026,12/31/2030
SHARP CHULA VISTA MEDICAL CENTER,050222,San Diego–Chula Vista–Carlsbad,Mandatory,01/01/2026,12/31/2030
ZUCKERBERG SAN FRANCISCO GENERAL HOSP & TRAUMA CTR,050228,San Francisco–Oakland–Fremont,Mandatory,01/01/2026,12/31/2030
FRENCH HOSPITAL MEDICAL CENTER,050232,San Luis Obispo–Paso Robles,Mandatory,01/01/2026,12/31/2030
SHARP CORONADO HOSPITAL AND HLTHCR CTR,050234,San Diego–Chula Vista–Carlsbad,Mandatory,01/01/2026,12/31/2030
DESERT REGIONAL MEDICAL CENTER,050243,Riverside–San Bernardino–Ontario,Mandatory,01/01/2026,12/31/2030
ARROWHEAD REGIONAL MEDICAL CENTER,050245,Riverside–San Bernardino–Ontario,Mandatory,01/01/2026,12/31/2030
"GOOD SAMARITAN HOSPITAL, LP",050257,Bakersfield–Delano,Mandatory,01/01/2026,12/31/2030
REDLANDS COMMUNITY HOSPITAL,050272,Riverside–San Bernardino–Ontario,Mandatory,01/01/2026,12/31/2030
CONTRA COSTA REGIONAL MEDICAL CENTER,050276,San Francisco–Oakland–Fremont,Mandatory,01/01/2026,12/31/2030
HI-DESERT MEDICAL CENTER,050279,Riverside–San Bernardino–Ontario,Mandatory,01/01/2026,12/31/2030
STANFORD HEALTH CARE TRI-VALLEY,050283,San Francisco–Oakland–Fremont,Mandatory,01/01/2026,12/31/2030
AHMC SETON MEDICAL CENTER,050289,San Francisco–Oakland–Fremont,Mandatory,01/01/2026,12/31/2030
SUTTER SANTA ROSA REGIONAL HOSPITAL,050291,Santa Rosa–Petaluma,Mandatory,01/01/2026,12/31/2030
RIVERSIDE UNIVERSITY HEALTH SYSTEM-MEDICAL CENTER,050292,Riverside–San Bernardino–Ontario,Mandatory,01/01/2026,12/31/2030
MERCY HOSPITAL,050295,Bakersfield–Delano,Mandatory,01/01/2026,12/31/2030
BARSTOW COMMUNITY HOSPITAL,050298,Riverside–San Bernardino–Ontario,Mandatory,01/01/2026,12/31/2030
PROVIDENCE ST MARY MEDICAL CENTER,050300,Riverside–San Bernardino–Ontario,Mandatory,01/01/2026,12/31/2030
ALTA BATES SUMMIT MEDICAL CENTER - ALTA BATES CAMP,050305,San Francisco–Oakland–Fremont,Mandatory,01/01/2026,12/31/2030
EL CAMINO HEALTH,050308,San Jose–Sunnyvale–Santa Clara,Mandatory,01/01/2026,12/31/2030
KERN MEDICAL CENTER,050315,Bakersfield–Delano,Mandatory,01/01/2026,12/31/2030
HIGHLAND HOSPITAL,050320,San Francisco–Oakland–Fremont,Mandatory,01/01/2026,12/31/2030
SCRIPPS MEMORIAL HOSPITAL LA JOLLA,050324,San Diego–Chula Vista–Carlsbad,Mandatory,01/01/2026,12/31/2030
LOMA LINDA UNIVERSITY MEDICAL CENTER,050327,Riverside–San Bernardino–Ontario,Mandatory,01/01/2026,12/31/2030
CORONA REGIONAL MEDICAL CENTER,050329,Riverside–San Bernardino–Ontario,Mandatory,01/01/2026,12/31/2030
MARINHEALTH MEDICAL CENTER,050360,San Francisco–Oakland–Fremont,Mandatory,01/01/2026,12/31/2030
GOOD SAMARITAN HOSPITAL,050380,San Jose–Sunnyvale–Santa Clara,Mandatory,01/01/2026,12/31/2030
HEMET GLOBAL MEDICAL CENTER,050390,Riverside–San Bernardino–Ontario,Mandatory,01/01/2026,12/31/2030
CHINESE HOSPITAL,050407,San Francisco–Oakland–Fremont,Mandatory,01/01/2026,12/31/2030
SUTTER COAST HOSPITAL,050417,Crescent City,Mandatory,01/01/2026,12/31/2030
SCRIPPS GREEN HOSPITAL,050424,San Diego–Chula Vista–Carlsbad,Mandatory,01/01/2026,12/31/2030
STANFORD HEALTH CARE,050441,San Jose–Sunnyvale–Santa Clara,Mandatory,01/01/2026,12/31/2030
UCSF MEDICAL CENTER,050454,San Francisco–Oakland–Fremont,Mandatory,01/01/2026,12/31/2030
ADVENTIST HEALTH BAKERSFIELD,050455,Bakersfield–Delano,Mandatory,01/01/2026,12/31/2030
UCSF HEALTH ST. MARY'S HOSPITAL,050457,San Francisco–Oakland–Fremont,Mandatory,01/01/2026,12/31/2030
EDEN MEDICAL CENTER,050488,San Francisco–Oakland–Fremont,Mandatory,01/01/2026,12/31/2030
JOHN MUIR MEDICAL CENTER - CONCORD CAMPUS,050496,San Francisco–Oakland–Fremont,Mandatory,01/01/2026,12/31/2030
SCRIPPS MEMORIAL HOSPITAL - ENCINITAS,050503,San Diego–Chula Vista–Carlsbad,Mandatory,01/01/2026,12/31/2030
ADVENTIST HEALTH SIERRA VISTA,050506,San Luis Obispo–Paso Robles,Mandatory,01/01/2026,12/31/2030
KAISER FOUNDATION HOSPITAL,050510,San Francisco–Oakland–Fremont,Mandatory,01/01/2026,12/31/2030
KAISER FOUNDATION HOSPITAL - FREMONT,050512,San Francisco–Oakland–Fremont,Mandatory,01/01/2026,12/31/2030
KAISER FOUNDATION HOSPITAL - ZION,050515,San Diego–Chula Vista–Carlsbad,Mandatory,01/01/2026,12/31/2030
VICTOR VALLEY GLOBAL MEDICAL CENTER,050517,Riverside–San Bernardino–Ontario,Mandatory,01/01/2026,12/31/2030
SUTTER DELTA MEDICAL CENTER,050523,San Francisco–Oakland–Fremont,Mandatory,01/01/2026,12/31/2030
JOHN F KENNEDY MEMORIAL HOSPITAL,050534,Riverside–San Bernardino–Ontario,Mandatory,01/01/2026,12/31/2030
KAISER FOUNDATION HOSPITAL - REDWOOD CITY,050541,San Francisco–Oakland–Fremont,Mandatory,01/01/2026,12/31/2030
EISENHOWER MEDICAL CENTER,050573,Riverside–San Bernardino–Ontario,Mandatory,01/01/2026,12/31/2030
CHINO VALLEY MEDICAL CENTER,050586,Riverside–San Bernardino–Ontario,Mandatory,01/01/2026,12/31/2030
KAISER FOUNDATION HOSPITAL-SAN JOSE,050604,San Jose–Sunnyvale–Santa Clara,Mandatory,01/01/2026,12/31/2030
ADVENTIST HEALTH DELANO,050608,Bakersfield–Delano,Mandatory,01/01/2026,12/31/2030
CEDARS-SINAI MEDICAL CENTER,050625,Los Angeles–Long Beach–Anaheim,Voluntary,01/01/2026,12/31/2030
ADVENTIST HEALTH TWIN CITIES,050633,San Luis Obispo–Paso Robles,Mandatory,01/01/2026,12/31/2030
PALOMAR MEDICAL CENTER POWAY,050636,San Diego–Chula Vista–Carlsbad,Mandatory,01/01/2026,12/31/2030
LAGUNA HONDA HOSPITAL & REHABILITATION CENTER,050668,San Francisco–Oakland–Fremont,Mandatory,01/01/2026,12/31/2030
MENIFEE GLOBAL MEDICAL CENTER,050684,Riverside–San Bernardino–Ontario,Mandatory,01/01/2026,12/31/2030
"KAISER FOUNDATION HOSPITAL, RIVERSIDE",050686,Riverside–San Bernardino–Ontario,Mandatory,01/01/2026,12/31/2030
SAN RAMON REGIONAL MEDICAL CENTER,050689,San Francisco–Oakland–Fremont,Mandatory,01/01/2026,12/31/2030
KAISER FOUNDATION HOSPITAL-SANTA ROSA,050690,Santa Rosa–Petaluma,Mandatory,01/01/2026,12/31/2030
SOUTHWEST HEALTHCARE RANCHO SPRINGS HOSPITAL,050701,Riverside–San Bernardino–Ontario,Mandatory,01/01/2026,12/31/2030
DESERT VALLEY HOSPITAL,050709,Riverside–San Bernardino–Ontario,Mandatory,01/01/2026,12/31/2030
MONTCLAIR HOSPITAL MEDICAL CENTER,050758,Riverside–San Bernardino–Ontario,Mandatory,01/01/2026,12/31/2030
KAISER FOUNDATION HOSPITAL - ANTIOCH,050760,San Francisco–Oakland–Fremont,Mandatory,01/01/2026,12/31/2030
KAISER FOUNDATION HOSPITAL-MORENO VALLEY,050765,Riverside–San Bernardino–Ontario,Mandatory,01/01/2026,12/31/2030
LOMA LINDA UNIVERSITY MEDICAL CENTER-MURRIETA,050770,Riverside–San Bernardino–Ontario,Mandatory,01/01/2026,12/31/2030
TEMECULA VALLEY HOSPITAL,050775,Riverside–San Bernardino–Ontario,Mandatory,01/01/2026,12/31/2030
KAISER FOUNDATION HOSPITAL - SAN LEANDRO,050777,San Francisco–Oakland–Fremont,Mandatory,01/01/2026,12/31/2030
LOMA LINDA UNIVERSITY CHILDREN'S HOSPITAL,050778,Riverside–San Bernardino–Ontario,Mandatory,01/01/2026,12/31/2030
KAISER FOUNDATION HOSPITAL - SAN MARCOS,050855,San Diego–Chula Vista–Carlsbad,Mandatory,01/01/2026,12/31/2030
